,id,deviceid,speed,lead_speed,servertime,attributes
0,35327935,198,0.0,0.0,2018-04-01 14:00:05,"{""event"":35,""sat"":10,""hdop"":0.8,""odometer"":43250034,""runtime"":""76347016"",""status"":""0000"",""adc1"":33,""adc2"":0,""adc3"":0,""battery"":2662,""power"":973,""distance"":0.0,""totalDistance"":9655096.05,""ip"":""103.228.156.86"",""motion"":false,""ignition"":false}"
1,35327937,193,0.0,0.0,2018-04-01 14:00:06,"{""event"":35,""sat"":11,""hdop"":0.7,""odometer"":58087961,""runtime"":""69393209"",""status"":""0000"",""adc1"":13,""adc2"":0,""adc3"":0,""battery"":2641,""power"":965,""distance"":0.0,""totalDistance"":1.928164892E7,""ip"":""43.245.8.15"",""motion"":false,""ignition"":false}"
2,35327943,191,0.0,0.0,2018-04-01 14:00:09,"{""event"":35,""sat"":11,""hdop"":0.7,""odometer"":26517415,""runtime"":""39377285"",""status"":""0000"",""adc1"":18,""adc2"":0,""adc3"":0,""battery"":2654,""power"":959,""distance"":0.0,""totalDistance"":1.111186483E7,""ip"":""43.245.8.23"",""motion"":false,""ignition"":false}"
3,35327948,199,0.0,0.0,2018-04-01 14:00:10,"{""event"":35,""sat"":10,""hdop"":0.7,""odometer"":23974778,""runtime"":""67704841"",""status"":""0000"",""adc1"":8,""adc2"":0,""adc3"":0,""battery"":2646,""power"":905,""distance"":0.0,""totalDistance"":1254375.52,""ip"":""103.228.156.52"",""motion"":false,""ignition"":false}"
4,35327949,53,0.0,0.0,2018-04-01 14:00:10,"{""event"":35,""sat"":11,""hdop"":0.7,""odometer"":9374512,""runtime"":""16404942"",""status"":""0000"",""adc1"":24,""adc2"":21,""adc3"":0,""battery"":2604,""power"":982,""eventData"":""00000001"",""fuel"":0.0,""distance"":3.43,""totalDistance"":9885458.97,""ip"":""119.160.65.150"",""motion"":false,""ignition"":false}"
5,35327950,73,0.0,0.0,2018-04-01 14:00:10,"{""power"":24.54,""distance"":0.0,""totalDistance"":1.851736511E7,""ip"":""119.160.65.70"",""motion"":false,""ignition"":false}"
6,35327953,8,0.0,0.0,2018-04-01 14:00:13,"{""event"":35,""sat"":9,""hdop"":0.9,""odometer"":37678445,""runtime"":""47567308"",""status"":""0200"",""adc1"":13,""adc2"":13,""adc3"":0,""battery"":2636,""power"":957,""eventData"":""00000001"",""fuel"":0.0,""distance"":0.72,""totalDistance"":1.915928463E7,""ip"":""43.245.8.32"",""motion"":false,""ignition"":false}"
7,35327954,35,0.0,0.0,2018-04-01 14:00:13,"{""power"":12.23,""distance"":0.0,""totalDistance"":3.096609154E7,""ip"":""43.245.8.110"",""motion"":false,""ignition"":false}"
8,35327957,11,0.0,0.0,2018-04-01 14:00:15,"{""event"":35,""sat"":10,""hdop"":0.8,""odometer"":123262168,""runtime"":""61999523"",""status"":""0200"",""adc1"":0,""adc2"":752,""adc3"":0,""battery"":2608,""power"":955,""eventData"":""00000001"",""fuel"":24.23,""distance"":4.8,""totalDistance"":3.618456438E7,""ip"":""43.245.8.22"",""motion"":false,""ignition"":false}"
9,35327958,62,0.0,0.0,2018-04-01 14:00:15,"{""power"":12.89,""distance"":0.0,""totalDistance"":3.33240307E7,""ip"":""43.245.8.53"",""motion"":false,""ignition"":true}"
10,35327962,182,0.0,0.0,2018-04-01 14:00:18,"{""event"":35,""sat"":10,""hdop"":1.3,""odometer"":33728764,""runtime"":""73166062"",""status"":""0000"",""adc1"":22,""adc2"":0,""adc3"":0,""battery"":2662,""power"":977,""distance"":0.0,""totalDistance"":5631159.31,""ip"":""43.245.8.10"",""motion"":false,""ignition"":false}"
11,35327963,188,0.0,0.0,2018-04-01 14:00:18,"{""event"":35,""sat"":10,""hdop"":0.8,""odometer"":27379147,""runtime"":""58846202"",""status"":""0000"",""adc1"":23,""adc2"":0,""adc3"":0,""battery"":2646,""power"":979,""distance"":0.0,""totalDistance"":5849132.31,""ip"":""43.245.8.41"",""motion"":false,""ignition"":false}"
12,35327971,283,0.0,0.0,2018-04-01 14:00:24,"{""event"":35,""sat"":9,""hdop"":1.2,""odometer"":1335655,""runtime"":""1140141"",""status"":""0000"",""adc1"":6,""adc2"":6,""adc3"":0,""battery"":2586,""power"":970,""eventData"":""00000001"",""fuel"":0.0,""distance"":1.85,""totalDistance"":2078937.99,""ip"":""103.228.156.8"",""motion"":false,""ignition"":false}"
13,35327974,198,0.0,0.0,2018-04-01 14:00:26,"{""event"":35,""sat"":12,""hdop"":0.7,""odometer"":43250034,""runtime"":""76347036"",""status"":""0000"",""adc1"":33,""adc2"":0,""adc3"":0,""battery"":2661,""power"":973,""distance"":0.0,""totalDistance"":9655096.05,""ip"":""103.228.156.86"",""motion"":false,""ignition"":false}"
14,35327980,28,0.0,0.0,2018-04-01 14:00:27,"{""power"":12.55,""distance"":0.0,""totalDistance"":2.988315131E7,""ip"":""43.245.8.27"",""motion"":false,""ignition"":false}"
15,35327981,189,0.0,0.0,2018-04-01 14:00:28,"{""event"":35,""sat"":0,""hdop"":2.0,""odometer"":36418859,""runtime"":""67408695"",""status"":""0000"",""adc1"":17,""adc2"":0,""adc3"":0,""battery"":2665,""power"":983,""distance"":0.0,""totalDistance"":5767612.05,""ip"":""103.228.156.106"",""motion"":false,""ignition"":true}"
16,35327982,24,0.0,0.0,2018-04-01 14:00:28,"{""power"":12.63,""distance"":0.0,""totalDistance"":1.914308881E7,""ip"":""43.245.8.84"",""motion"":false,""ignition"":false}"
17,35327985,191,0.0,0.0,2018-04-01 14:00:29,"{""event"":35,""sat"":11,""hdop"":0.7,""odometer"":26517415,""runtime"":""39377305"",""status"":""0000"",""adc1"":18,""adc2"":0,""adc3"":0,""battery"":2654,""power"":959,""distance"":0.0,""totalDistance"":1.111186483E7,""ip"":""43.245.8.23"",""motion"":false,""ignition"":false}"
18,35327988,199,0.0,0.0,2018-04-01 14:00:30,"{""event"":35,""sat"":8,""hdop"":1.3,""odometer"":23974778,""runtime"":""67704861"",""status"":""0000"",""adc1"":8,""adc2"":0,""adc3"":0,""battery"":2647,""power"":905,""distance"":0.0,""totalDistance"":1254375.52,""ip"":""103.228.156.52"",""motion"":false,""ignition"":false}"
19,35327991,8,0.0,0.0,2018-04-01 14:00:32,"{""event"":35,""sat"":9,""hdop"":0.9,""odometer"":37678445,""runtime"":""47567328"",""status"":""0200"",""adc1"":13,""adc2"":14,""adc3"":0,""battery"":2637,""power"":956,""eventData"":""00000001"",""fuel"":0.0,""distance"":0.24,""totalDistance"":1.915928487E7,""ip"":""43.245.8.32"",""motion"":false,""ignition"":false}"
20,35327992,20,0.0,0.0,2018-04-01 14:00:33,"{""power"":12.61,""distance"":0.0,""totalDistance"":1.362913552E7,""ip"":""43.245.8.115"",""motion"":false,""ignition"":false}"
21,35327993,272,0.0,0.0,2018-04-01 14:00:33,"{""status"":70,""ignition"":true,""charge"":true,""blocked"":false,""battery"":6,""rssi"":4,""distance"":0.0,""totalDistance"":8473967.53,""ip"":""43.245.8.85"",""motion"":false}"
22,35327997,11,0.0,0.0,2018-04-01 14:00:35,"{""event"":35,""sat"":11,""hdop"":0.8,""odometer"":123262168,""runtime"":""61999543"",""status"":""0200"",""adc1"":0,""adc2"":752,""adc3"":0,""battery"":2616,""power"":955,""eventData"":""00000001"",""fuel"":24.22,""distance"":0.83,""totalDistance"":3.618456521E7,""ip"":""43.245.8.22"",""motion"":false,""ignition"":false}"
23,35327998,45,0.0,0.0,2018-04-01 14:00:35,"{""power"":12.89,""distance"":0.0,""totalDistance"":2.112244976E7,""ip"":""43.245.8.102"",""motion"":false,""ignition"":false}"
24,35327999,190,0.0,0.0,2018-04-01 14:00:36,"{""event"":35,""sat"":11,""hdop"":0.7,""odometer"":95995663,""runtime"":""74099542"",""status"":""0000"",""adc1"":10,""adc2"":0,""adc3"":0,""battery"":2618,""power"":992,""distance"":0.0,""totalDistance"":1.231472053E7,""ip"":""43.245.8.52"",""motion"":false,""ignition"":false}"
25,35328003,182,0.0,0.0,2018-04-01 14:00:38,"{""event"":35,""sat"":10,""hdop"":1.3,""odometer"":33728764,""runtime"":""73166082"",""status"":""0000"",""adc1"":22,""adc2"":0,""adc3"":0,""battery"":2662,""power"":977,""distance"":0.0,""totalDistance"":5631159.31,""ip"":""43.245.8.10"",""motion"":false,""ignition"":false}"
26,35328008,253,0.0,0.0,2018-04-01 14:00:42,"{""status"":70,""ignition"":true,""charge"":true,""blocked"":false,""battery"":6,""rssi"":4,""distance"":0.0,""totalDistance"":3.246287236E7,""ip"":""119.160.96.164"",""motion"":false}"
27,35328010,283,0.0,0.0,2018-04-01 14:00:44,"{""event"":35,""sat"":9,""hdop"":1.2,""odometer"":1335655,""runtime"":""1140161"",""status"":""0000"",""adc1"":6,""adc2"":6,""adc3"":0,""battery"":2587,""power"":971,""eventData"":""00000001"",""fuel"":0.0,""distance"":1.67,""totalDistance"":2078939.66,""ip"":""103.228.156.8"",""motion"":false,""ignition"":false}"
28,35328014,49,0.0,0.0,2018-04-01 14:00:46,"{""power"":12.77,""distance"":0.0,""totalDistance"":9881271.26,""ip"":""119.160.65.165"",""motion"":false,""ignition"":false}"
29,35328015,198,0.0,0.0,2018-04-01 14:00:46,"{""event"":35,""sat"":12,""hdop"":0.6,""odometer"":43250034,""runtime"":""76347056"",""status"":""0000"",""adc1"":33,""adc2"":0,""adc3"":0,""battery"":2662,""power"":973,""distance"":0.0,""totalDistance"":9655096.05,""ip"":""103.228.156.86"",""motion"":false,""ignition"":false}"
30,35328020,197,0.0,0.0,2018-04-01 14:00:47,"{""event"":35,""sat"":8,""hdop"":1.4,""odometer"":26277925,""runtime"":""73901803"",""status"":""0000"",""adc1"":13,""adc2"":0,""adc3"":0,""battery"":2654,""power"":961,""distance"":0.0,""totalDistance"":6602876.73,""ip"":""43.245.8.103"",""motion"":false}"
31,35328021,74,0.0,0.0,2018-04-01 14:00:48,"{""power"":12.66,""distance"":0.0,""totalDistance"":4.541135277E7,""ip"":""119.160.65.121"",""motion"":false,""ignition"":false}"
32,35328023,191,0.0,0.0,2018-04-01 14:00:49,"{""event"":35,""sat"":10,""hdop"":0.7,""odometer"":26517415,""runtime"":""39377325"",""status"":""0000"",""adc1"":17,""adc2"":0,""adc3"":0,""battery"":2655,""power"":959,""distance"":0.0,""totalDistance"":1.111186483E7,""ip"":""43.245.8.23"",""motion"":false,""ignition"":false}"
33,35328024,24,0.0,0.0,2018-04-01 14:00:49,"{""status"":133,""ignition"":false,""charge"":true,""blocked"":true,""battery"":6,""rssi"":4,""distance"":0.0,""totalDistance"":1.914308881E7,""ip"":""43.245.8.84"",""motion"":false}"
34,35328028,199,0.0,0.0,2018-04-01 14:00:51,"{""event"":35,""sat"":8,""hdop"":1.3,""odometer"":23974778,""runtime"":""67704881"",""status"":""0000"",""adc1"":8,""adc2"":0,""adc3"":0,""battery"":2647,""power"":905,""distance"":0.0,""totalDistance"":1254375.52,""ip"":""103.228.156.52"",""motion"":false,""ignition"":false}"
35,35328030,185,0.0,0.0,2018-04-01 14:00:51,"{""event"":35,""sat"":10,""hdop"":1.1,""odometer"":17421879,""runtime"":""57176181"",""status"":""0000"",""adc1"":48,""adc2"":0,""adc3"":0,""battery"":2661,""power"":950,""distance"":0.0,""totalDistance"":4570059.58,""ip"":""103.228.156.83"",""motion"":false,""ignition"":false}"
36,35328032,271,0.0,0.0,2018-04-01 14:00:52,"{""sat"":10,""ignition"":true,""event"":4,""archive"":false,""distance"":6.15,""totalDistance"":2.478865038E7,""ip"":""119.160.65.10"",""motion"":false}"
37,35328033,8,0.0,0.0,2018-04-01 14:00:52,"{""event"":35,""sat"":9,""hdop"":0.9,""odometer"":37678445,""runtime"":""47567348"",""status"":""0200"",""adc1"":13,""adc2"":14,""adc3"":0,""battery"":2636,""power"":956,""eventData"":""00000001"",""fuel"":0.0,""distance"":0.92,""totalDistance"":1.915928579E7,""ip"":""43.245.8.32"",""motion"":false,""ignition"":false}"
38,35328037,11,0.0,0.0,2018-04-01 14:00:55,"{""event"":35,""sat"":11,""hdop"":0.9,""odometer"":123262168,""runtime"":""61999563"",""status"":""0200"",""adc1"":0,""adc2"":752,""adc3"":0,""battery"":2615,""power"":955,""eventData"":""00000001"",""fuel"":24.23,""distance"":0.95,""totalDistance"":3.618456616E7,""ip"":""43.245.8.22"",""motion"":false,""ignition"":false}"
39,35328039,33,0.0,0.0,2018-04-01 14:00:56,"{""power"":12.33,""distance"":0.0,""totalDistance"":2.755206891E7,""ip"":""103.228.156.108"",""motion"":false,""ignition"":false}"
40,35328043,194,0.0,0.0,2018-04-01 14:00:58,"{""event"":35,""sat"":6,""hdop"":1.8,""odometer"":66979163,""runtime"":""73879148"",""status"":""0000"",""adc1"":19,""adc2"":0,""adc3"":0,""battery"":2655,""power"":994,""distance"":0.0,""totalDistance"":1.48952669E7,""ip"":""43.245.8.25"",""motion"":false,""ignition"":false}"
41,35328044,182,0.0,0.0,2018-04-01 14:00:59,"{""event"":35,""sat"":10,""hdop"":1.3,""odometer"":33728764,""runtime"":""73166102"",""status"":""0000"",""adc1"":22,""adc2"":0,""adc3"":0,""battery"":2661,""power"":976,""distance"":0.0,""totalDistance"":5631159.31,""ip"":""43.245.8.10"",""motion"":false,""ignition"":false}"
42,35328049,37,0.0,0.0,2018-04-01 14:01:00,"{""power"":12.66,""distance"":0.0,""totalDistance"":2.701188953E7,""ip"":""43.245.8.112"",""motion"":false,""ignition"":false}"
43,35328051,72,0.0,0.0,2018-04-01 14:01:01,"{""power"":12.72,""distance"":0.0,""totalDistance"":1.601577531E7,""ip"":""43.245.8.103"",""motion"":false,""ignition"":false}"
44,35328052,205,0.0,0.0,2018-04-01 14:01:02,"{""event"":35,""sat"":11,""hdop"":0.7,""odometer"":253972,""runtime"":""2033545"",""status"":""0000"",""adc1"":5,""adc2"":6,""adc3"":0,""battery"":2600,""power"":957,""eventData"":""00000001"",""fuel"":0.0,""distance"":3.09,""totalDistance"":575654.02,""ip"":""119.160.96.181"",""motion"":false,""ignition"":false}"
45,35328054,283,0.0,0.0,2018-04-01 14:01:03,"{""event"":35,""sat"":10,""hdop"":1.0,""odometer"":1335655,""runtime"":""1140181"",""status"":""0000"",""adc1"":6,""adc2"":6,""adc3"":0,""battery"":2586,""power"":971,""eventData"":""00000001"",""fuel"":0.0,""distance"":1.2,""totalDistance"":2078940.86,""ip"":""103.228.156.8"",""motion"":false,""ignition"":false}"
46,35328057,52,0.0,0.0,2018-04-01 14:01:04,"{""power"":12.69,""distance"":0.0,""totalDistance"":2.459935221E7,""ip"":""43.245.8.101"",""motion"":false,""ignition"":false}"
47,35328058,200,0.0,0.0,2018-04-01 14:01:05,"{""event"":35,""sat"":3,""hdop"":4.1,""odometer"":44007411,""runtime"":""74057258"",""status"":""0000"",""adc1"":9,""adc2"":0,""adc3"":0,""battery"":2628,""power"":939,""distance"":0.0,""totalDistance"":6103705.45,""ip"":""43.245.8.60"",""motion"":false,""ignition"":true}"
48,35328059,198,0.0,0.0,2018-04-01 14:01:06,"{""event"":35,""sat"":11,""hdop"":0.7,""odometer"":43250034,""runtime"":""76347076"",""status"":""0000"",""adc1"":33,""adc2"":0,""adc3"":0,""battery"":2662,""power"":972,""distance"":0.0,""totalDistance"":9655096.05,""ip"":""103.228.156.86"",""motion"":false,""ignition"":false}"
49,35328060,193,0.0,0.0,2018-04-01 14:01:07,"{""event"":35,""sat"":10,""hdop"":0.7,""odometer"":58087961,""runtime"":""69393269"",""status"":""0000"",""adc1"":13,""adc2"":0,""adc3"":0,""battery"":2642,""power"":965,""distance"":0.0,""totalDistance"":1.928164892E7,""ip"":""43.245.8.15"",""motion"":false,""ignition"":false}"
50,35328061,52,0.0,0.0,2018-04-01 14:01:07,"{""status"":5,""ignition"":false,""charge"":true,""blocked"":false,""battery"":6,""rssi"":4,""distance"":0.0,""totalDistance"":2.459935221E7,""ip"":""43.245.8.101"",""motion"":false}"
51,35328065,253,0.0,0.0,2018-04-01 14:01:08,"{""status"":68,""ignition"":false,""charge"":true,""blocked"":false,""battery"":6,""rssi"":4,""distance"":0.0,""totalDistance"":3.246287236E7,""ip"":""119.160.96.164"",""motion"":false}"
52,35328069,191,0.0,0.0,2018-04-01 14:01:09,"{""event"":35,""sat"":10,""hdop"":0.7,""odometer"":26517415,""runtime"":""39377345"",""status"":""0000"",""adc1"":18,""adc2"":0,""adc3"":0,""battery"":2654,""power"":959,""distance"":0.0,""totalDistance"":1.111186483E7,""ip"":""43.245.8.23"",""motion"":false,""ignition"":false}"
53,35328071,253,0.0,0.0,2018-04-01 14:01:09,"{""sat"":8,""ignition"":false,""event"":3,""archive"":false,""distance"":9.34,""totalDistance"":3.24628817E7,""ip"":""119.160.96.164"",""motion"":false}"
54,35328076,73,0.0,0.0,2018-04-01 14:01:10,"{""power"":24.6,""distance"":0.0,""totalDistance"":1.851736511E7,""ip"":""119.160.65.70"",""motion"":false,""ignition"":false}"
55,35328077,53,0.0,0.0,2018-04-01 14:01:10,"{""event"":35,""sat"":11,""hdop"":0.7,""odometer"":9374512,""runtime"":""16405002"",""status"":""0000"",""adc1"":25,""adc2"":21,""adc3"":0,""battery"":2604,""power"":982,""eventData"":""00000001"",""fuel"":0.0,""distance"":5.25,""totalDistance"":9885464.22,""ip"":""119.160.65.150"",""motion"":false,""ignition"":false}"
56,35328078,62,0.0,0.0,2018-04-01 14:01:10,"{""status"":70,""ignition"":true,""charge"":true,""blocked"":false,""battery"":5,""rssi"":4,""distance"":0.0,""totalDistance"":3.33240307E7,""ip"":""43.245.8.53"",""motion"":false}"
57,35328080,199,0.0,0.0,2018-04-01 14:01:11,"{""event"":35,""sat"":9,""hdop"":1.3,""odometer"":23974778,""runtime"":""67704901"",""status"":""0000"",""adc1"":8,""adc2"":0,""adc3"":0,""battery"":2646,""power"":906,""distance"":0.0,""totalDistance"":1254375.52,""ip"":""103.228.156.52"",""motion"":false,""ignition"":false}"
58,35328083,8,0.0,0.0,2018-04-01 14:01:12,"{""event"":35,""sat"":9,""hdop"":0.9,""odometer"":37678445,""runtime"":""47567368"",""status"":""0200"",""adc1"":14,""adc2"":14,""adc3"":0,""battery"":2637,""power"":957,""eventData"":""00000001"",""fuel"":0.0,""distance"":1.11,""totalDistance"":1.91592869E7,""ip"":""43.245.8.32"",""motion"":false,""ignition"":false}"
59,35328084,35,0.0,0.0,2018-04-01 14:01:14,"{""power"":12.23,""distance"":0.0,""totalDistance"":3.096609154E7,""ip"":""43.245.8.110"",""motion"":false,""ignition"":false}"
60,35328088,11,0.0,0.0,2018-04-01 14:01:15,"{""event"":35,""sat"":10,""hdop"":0.8,""odometer"":123262168,""runtime"":""61999583"",""status"":""0200"",""adc1"":0,""adc2"":752,""adc3"":0,""battery"":2614,""power"":955,""eventData"":""00000001"",""fuel"":24.23,""distance"":0.48,""totalDistance"":3.618456664E7,""ip"":""43.245.8.22"",""motion"":false,""ignition"":false}"
61,35328089,62,0.0,0.0,2018-04-01 14:01:15,"{""power"":13.870000000000001,""distance"":0.0,""totalDistance"":3.33240307E7,""ip"":""43.245.8.53"",""motion"":false,""ignition"":true}"
62,35328094,182,0.0,0.0,2018-04-01 14:01:19,"{""event"":35,""sat"":10,""hdop"":1.1,""odometer"":33728764,""runtime"":""73166122"",""status"":""0000"",""adc1"":22,""adc2"":0,""adc3"":0,""battery"":2661,""power"":976,""distance"":0.0,""totalDistance"":5631159.31,""ip"":""43.245.8.10"",""motion"":false,""ignition"":false}"
63,35328095,188,0.0,0.0,2018-04-01 14:01:19,"{""event"":35,""sat"":10,""hdop"":0.8,""odometer"":27379147,""runtime"":""58846262"",""status"":""0000"",""adc1"":22,""adc2"":0,""adc3"":0,""battery"":2646,""power"":978,""distance"":0.0,""totalDistance"":5849132.31,""ip"":""43.245.8.41"",""motion"":false,""ignition"":false}"
64,35328099,283,0.0,0.0,2018-04-01 14:01:24,"{""event"":35,""sat"":10,""hdop"":1.0,""odometer"":1335655,""runtime"":""1140201"",""status"":""0000"",""adc1"":6,""adc2"":7,""adc3"":0,""battery"":2587,""power"":970,""eventData"":""00000001"",""fuel"":0.0,""distance"":0.81,""totalDistance"":2078941.67,""ip"":""103.228.156.8"",""motion"":false,""ignition"":false}"
65,35328103,198,0.0,0.0,2018-04-01 14:01:26,"{""event"":35,""sat"":11,""hdop"":0.7,""odometer"":43250034,""runtime"":""76347096"",""status"":""0000"",""adc1"":33,""adc2"":0,""adc3"":0,""battery"":2662,""power"":973,""distance"":0.0,""totalDistance"":9655096.05,""ip"":""103.228.156.86"",""motion"":false,""ignition"":false}"
66,35328108,28,0.0,0.0,2018-04-01 14:01:28,"{""power"":12.55,""distance"":0.0,""totalDistance"":2.988315131E7,""ip"":""43.245.8.27"",""motion"":false,""ignition"":false}"
67,35328110,189,0.0,0.0,2018-04-01 14:01:28,"{""event"":35,""sat"":0,""hdop"":2.0,""odometer"":36418859,""runtime"":""67408755"",""status"":""0000"",""adc1"":16,""adc2"":0,""adc3"":0,""battery"":2666,""power"":983,""distance"":0.0,""totalDistance"":5767612.05,""ip"":""103.228.156.106"",""motion"":false,""ignition"":true}"
68,35328111,24,0.0,0.0,2018-04-01 14:01:28,"{""power"":12.61,""distance"":0.0,""totalDistance"":1.914308881E7,""ip"":""43.245.8.84"",""motion"":false,""ignition"":false}"
69,35328114,191,0.0,0.0,2018-04-01 14:01:29,"{""event"":35,""sat"":11,""hdop"":0.8,""odometer"":26517415,""runtime"":""39377365"",""status"":""0000"",""adc1"":18,""adc2"":0,""adc3"":0,""battery"":2654,""power"":959,""distance"":0.0,""totalDistance"":1.111186483E7,""ip"":""43.245.8.23"",""motion"":false,""ignition"":false}"
70,35328117,199,0.0,0.0,2018-04-01 14:01:31,"{""event"":35,""sat"":8,""hdop"":1.3,""odometer"":23974778,""runtime"":""67704921"",""status"":""0000"",""adc1"":8,""adc2"":0,""adc3"":0,""battery"":2647,""power"":905,""distance"":0.0,""totalDistance"":1254375.52,""ip"":""103.228.156.52"",""motion"":false,""ignition"":false}"
71,35328119,8,0.0,0.0,2018-04-01 14:01:32,"{""event"":35,""sat"":9,""hdop"":0.9,""odometer"":37678445,""runtime"":""47567388"",""status"":""0200"",""adc1"":13,""adc2"":13,""adc3"":0,""battery"":2636,""power"":956,""eventData"":""00000001"",""fuel"":0.0,""distance"":1.02,""totalDistance"":1.915928792E7,""ip"":""43.245.8.32"",""motion"":false,""ignition"":false}"
72,35328120,20,0.0,0.0,2018-04-01 14:01:33,"{""power"":12.61,""distance"":0.0,""totalDistance"":1.362913552E7,""ip"":""43.245.8.115"",""motion"":false,""ignition"":false}"
73,35328123,228,0.0,0.0,2018-04-01 14:01:34,"{""sat"":12,""status"":76,""ignition"":false,""charge"":true,""blocked"":false,""alarm"":""vibration"",""battery"":6,""rssi"":4,""distance"":4.55,""totalDistance"":4.16210479E7,""ip"":""119.160.96.23"",""motion"":false}"
74,35328124,11,0.0,0.0,2018-04-01 14:01:35,"{""event"":35,""sat"":11,""hdop"":0.8,""odometer"":123262168,""runtime"":""61999603"",""status"":""0200"",""adc1"":0,""adc2"":752,""adc3"":0,""battery"":2615,""power"":955,""eventData"":""00000001"",""fuel"":24.23,""distance"":0.48,""totalDistance"":3.618456712E7,""ip"":""43.245.8.22"",""motion"":false,""ignition"":false}"
75,35328126,45,0.0,0.0,2018-04-01 14:01:35,"{""power"":12.89,""distance"":0.0,""totalDistance"":2.112244976E7,""ip"":""43.245.8.102"",""motion"":false,""ignition"":false}"
76,35328129,190,0.0,0.0,2018-04-01 14:01:36,"{""event"":35,""sat"":11,""hdop"":0.7,""odometer"":95995663,""runtime"":""74099602"",""status"":""0000"",""adc1"":10,""adc2"":0,""adc3"":0,""battery"":2618,""power"":992,""distance"":0.0,""totalDistance"":1.231472053E7,""ip"":""43.245.8.52"",""motion"":false,""ignition"":false}"
77,35328134,197,0.0,0.0,2018-04-01 14:01:38,"{""event"":35,""sat"":10,""hdop"":0.8,""odometer"":26277925,""runtime"":""73901853"",""status"":""0000"",""adc1"":13,""adc2"":0,""adc3"":0,""battery"":2654,""power"":938,""distance"":0.0,""totalDistance"":6602876.73,""ip"":""43.245.8.103"",""motion"":false}"
78,35328135,28,0.0,0.0,2018-04-01 14:01:38,"{""status"":4,""ignition"":false,""charge"":true,""blocked"":false,""battery"":6,""rssi"":4,""distance"":0.0,""totalDistance"":2.988315131E7,""ip"":""43.245.8.27"",""motion"":false}"
79,35328136,247,0.0,0.0,2018-04-01 14:01:39,"{""sat"":10,""ignition"":true,""event"":4,""archive"":false,""distance"":26.87,""totalDistance"":3.023154885E7,""ip"":""119.160.96.217"",""motion"":false}"
80,35328137,45,0.0,0.0,2018-04-01 14:01:39,"{""status"":5,""ignition"":false,""charge"":true,""blocked"":false,""battery"":6,""rssi"":4,""distance"":0.0,""totalDistance"":2.112244976E7,""ip"":""43.245.8.102"",""motion"":false}"
81,35328138,182,0.0,0.0,2018-04-01 14:01:39,"{""event"":35,""sat"":10,""hdop"":1.1,""odometer"":33728764,""runtime"":""73166142"",""status"":""0000"",""adc1"":22,""adc2"":0,""adc3"":0,""battery"":2659,""power"":976,""distance"":0.0,""totalDistance"":5631159.31,""ip"":""43.245.8.10"",""motion"":false,""ignition"":false}"
82,35328143,283,0.0,0.0,2018-04-01 14:01:43,"{""event"":35,""sat"":10,""hdop"":1.0,""odometer"":1335655,""runtime"":""1140221"",""status"":""0000"",""adc1"":7,""adc2"":6,""adc3"":0,""battery"":2587,""power"":971,""eventData"":""00000001"",""fuel"":0.0,""distance"":0.59,""totalDistance"":2078942.26,""ip"":""103.228.156.8"",""motion"":false,""ignition"":false}"
83,35328146,49,0.0,0.0,2018-04-01 14:01:46,"{""power"":12.77,""distance"":0.0,""totalDistance"":9881271.26,""ip"":""119.160.65.165"",""motion"":false,""ignition"":false}"
84,35328148,198,0.0,0.0,2018-04-01 14:01:46,"{""event"":35,""sat"":11,""hdop"":0.7,""odometer"":43250034,""runtime"":""76347116"",""status"":""0000"",""adc1"":33,""adc2"":0,""adc3"":0,""battery"":2663,""power"":973,""distance"":0.0,""totalDistance"":9655096.05,""ip"":""103.228.156.86"",""motion"":false,""ignition"":false}"
85,35328152,74,0.0,0.0,2018-04-01 14:01:48,"{""power"":12.66,""distance"":0.0,""totalDistance"":4.541135277E7,""ip"":""119.160.65.121"",""motion"":false,""ignition"":false}"
86,35328157,62,0.0,0.0,2018-04-01 14:01:49,"{""sat"":10,""ignition"":true,""event"":4,""archive"":true,""distance"":46.71,""totalDistance"":3.332407741E7,""ip"":""43.245.8.53"",""motion"":false}"
87,35328158,191,0.0,0.0,2018-04-01 14:01:49,"{""event"":35,""sat"":10,""hdop"":0.7,""odometer"":26517415,""runtime"":""39377385"",""status"":""0000"",""adc1"":18,""adc2"":0,""adc3"":0,""battery"":2654,""power"":959,""distance"":0.0,""totalDistance"":1.111186483E7,""ip"":""43.245.8.23"",""motion"":false,""ignition"":false}"
88,35328162,199,0.0,0.0,2018-04-01 14:01:51,"{""event"":35,""sat"":9,""hdop"":1.3,""odometer"":23974778,""runtime"":""67704941"",""status"":""0000"",""adc1"":8,""adc2"":0,""adc3"":0,""battery"":2645,""power"":905,""distance"":0.0,""totalDistance"":1254375.52,""ip"":""103.228.156.52"",""motion"":false,""ignition"":false}"
89,35328164,185,0.0,0.0,2018-04-01 14:01:52,"{""event"":35,""sat"":9,""hdop"":1.1,""odometer"":17421879,""runtime"":""57176241"",""status"":""0000"",""adc1"":48,""adc2"":0,""adc3"":0,""battery"":2660,""power"":950,""distance"":0.0,""totalDistance"":4570059.58,""ip"":""103.228.156.83"",""motion"":false,""ignition"":false}"
90,35328166,8,0.0,0.0,2018-04-01 14:01:52,"{""event"":35,""sat"":9,""hdop"":0.9,""odometer"":37678445,""runtime"":""47567408"",""status"":""0200"",""adc1"":13,""adc2"":13,""adc3"":0,""battery"":2636,""power"":956,""eventData"":""00000001"",""fuel"":0.0,""distance"":0.86,""totalDistance"":1.915928878E7,""ip"":""43.245.8.32"",""motion"":false,""ignition"":false}"
91,35328167,11,0.0,0.0,2018-04-01 14:01:54,"{""event"":35,""sat"":11,""hdop"":0.8,""odometer"":123262168,""runtime"":""61999623"",""status"":""0200"",""adc1"":0,""adc2"":752,""adc3"":0,""battery"":2615,""power"":955,""eventData"":""00000001"",""fuel"":24.23,""distance"":1.46,""totalDistance"":3.618456858E7,""ip"":""43.245.8.22"",""motion"":false,""ignition"":false}"
92,35328169,33,0.0,0.0,2018-04-01 14:01:56,"{""power"":12.33,""distance"":0.0,""totalDistance"":2.755206891E7,""ip"":""103.228.156.108"",""motion"":false,""ignition"":false}"
93,35328178,194,0.0,0.0,2018-04-01 14:01:58,"{""event"":35,""sat"":7,""hdop"":1.8,""odometer"":66979163,""runtime"":""73879208"",""status"":""0000"",""adc1"":19,""adc2"":0,""adc3"":0,""battery"":2657,""power"":994,""distance"":0.0,""totalDistance"":1.48952669E7,""ip"":""43.245.8.25"",""motion"":false,""ignition"":false}"
94,35328179,182,0.0,0.0,2018-04-01 14:01:59,"{""event"":35,""sat"":10,""hdop"":1.1,""odometer"":33728764,""runtime"":""73166162"",""status"":""0000"",""adc1"":22,""adc2"":0,""adc3"":0,""battery"":2660,""power"":976,""distance"":0.0,""totalDistance"":5631159.31,""ip"":""43.245.8.10"",""motion"":false,""ignition"":false}"
95,35328182,37,0.0,0.0,2018-04-01 14:02:01,"{""power"":12.66,""distance"":0.0,""totalDistance"":2.701188953E7,""ip"":""43.245.8.112"",""motion"":false,""ignition"":false}"
96,35328185,247,0.0,0.0,2018-04-01 14:02:01,"{""status"":68,""ignition"":false,""charge"":true,""blocked"":false,""battery"":6,""rssi"":4,""distance"":0.0,""totalDistance"":3.023154885E7,""ip"":""119.160.96.217"",""motion"":false}"
97,35328186,72,0.0,0.0,2018-04-01 14:02:01,"{""power"":12.72,""distance"":0.0,""totalDistance"":1.601577531E7,""ip"":""43.245.8.103"",""motion"":false,""ignition"":false}"
98,35328188,205,0.0,0.0,2018-04-01 14:02:02,"{""event"":35,""sat"":11,""hdop"":0.7,""odometer"":253972,""runtime"":""2033605"",""status"":""0000"",""adc1"":7,""adc2"":6,""adc3"":0,""battery"":2604,""power"":957,""eventData"":""00000001"",""fuel"":0.0,""distance"":3.17,""totalDistance"":575657.19,""ip"":""119.160.96.181"",""motion"":false,""ignition"":false}"
99,35328190,283,0.0,0.0,2018-04-01 14:02:04,"{""event"":35,""sat"":11,""hdop"":0.7,""odometer"":1335655,""runtime"":""1140241"",""status"":""0000"",""adc1"":6,""adc2"":7,""adc3"":0,""battery"":2587,""power"":971,""eventData"":""00000001"",""fuel"":0.0,""distance"":0.74,""totalDistance"":2078943.0,""ip"":""103.228.156.8"",""motion"":false,""ignition"":false}"
100,35328192,52,0.0,0.0,2018-04-01 14:02:04,"{""power"":12.69,""distance"":0.0,""totalDistance"":2.459935221E7,""ip"":""43.245.8.101"",""motion"":false,""ignition"":false}"
101,35328197,198,0.0,0.0,2018-04-01 14:02:06,"{""event"":35,""sat"":11,""hdop"":0.7,""odometer"":43250034,""runtime"":""76347136"",""status"":""0000"",""adc1"":33,""adc2"":0,""adc3"":0,""battery"":2661,""power"":973,""distance"":0.0,""totalDistance"":9655096.05,""ip"":""103.228.156.86"",""motion"":false,""ignition"":false}"
102,35328199,193,0.0,0.0,2018-04-01 14:02:07,"{""event"":35,""sat"":11,""hdop"":0.7,""odometer"":58087961,""runtime"":""69393329"",""status"":""0000"",""adc1"":13,""adc2"":0,""adc3"":0,""battery"":2641,""power"":965,""distance"":0.0,""totalDistance"":1.928164892E7,""ip"":""43.245.8.15"",""motion"":false,""ignition"":false}"
103,35328204,191,0.0,0.0,2018-04-01 14:02:10,"{""event"":35,""sat"":11,""hdop"":0.7,""odometer"":26517415,""runtime"":""39377405"",""status"":""0000"",""adc1"":18,""adc2"":0,""adc3"":0,""battery"":2655,""power"":959,""distance"":0.0,""totalDistance"":1.111186483E7,""ip"":""43.245.8.23"",""motion"":false,""ignition"":false}"
104,35328207,73,0.0,0.0,2018-04-01 14:02:10,"{""power"":24.54,""distance"":0.0,""totalDistance"":1.851736511E7,""ip"":""119.160.65.70"",""motion"":false,""ignition"":false}"
105,35328208,53,0.0,0.0,2018-04-01 14:02:10,"{""event"":35,""sat"":11,""hdop"":0.7,""odometer"":9374512,""runtime"":""16405062"",""status"":""0000"",""adc1"":25,""adc2"":21,""adc3"":0,""battery"":2602,""power"":980,""eventData"":""00000001"",""fuel"":0.0,""distance"":2.92,""totalDistance"":9885467.14,""ip"":""119.160.65.150"",""motion"":false,""ignition"":false}"
106,35328209,199,0.0,0.0,2018-04-01 14:02:11,"{""event"":35,""sat"":9,""hdop"":0.7,""odometer"":23974778,""runtime"":""67704961"",""status"":""0000"",""adc1"":8,""adc2"":0,""adc3"":0,""battery"":2647,""power"":906,""distance"":0.0,""totalDistance"":1254375.52,""ip"":""103.228.156.52"",""motion"":false,""ignition"":false}"
107,35328213,8,0.0,0.0,2018-04-01 14:02:12,"{""event"":35,""sat"":9,""hdop"":1.3,""odometer"":37678445,""runtime"":""47567428"",""status"":""0200"",""adc1"":13,""adc2"":13,""adc3"":0,""battery"":2634,""power"":957,""eventData"":""00000001"",""fuel"":0.0,""distance"":1.95,""totalDistance"":1.915929073E7,""ip"":""43.245.8.32"",""motion"":false,""ignition"":false}"
108,35328217,35,0.0,0.0,2018-04-01 14:02:13,"{""power"":12.23,""distance"":0.0,""totalDistance"":3.096609154E7,""ip"":""43.245.8.110"",""motion"":false,""ignition"":false}"
109,35328220,11,0.0,0.0,2018-04-01 14:02:14,"{""event"":35,""sat"":11,""hdop"":0.9,""odometer"":123262168,""runtime"":""61999643"",""status"":""0200"",""adc1"":0,""adc2"":752,""adc3"":0,""battery"":2616,""power"":955,""eventData"":""00000001"",""fuel"":24.23,""distance"":0.3,""totalDistance"":3.618456888E7,""ip"":""43.245.8.22"",""motion"":false,""ignition"":false}"
110,35328221,62,0.0,0.0,2018-04-01 14:02:15,"{""power"":13.450000000000001,""distance"":0.0,""totalDistance"":3.332407741E7,""ip"":""43.245.8.53"",""motion"":false,""ignition"":true}"
111,35328226,74,0.0,0.0,2018-04-01 14:02:17,"{""status"":5,""ignition"":false,""charge"":true,""blocked"":false,""battery"":6,""rssi"":1,""distance"":0.0,""totalDistance"":4.541135277E7,""ip"":""119.160.65.121"",""motion"":false}"
112,35328232,188,0.0,0.0,2018-04-01 14:02:19,"{""event"":35,""sat"":10,""hdop"":0.8,""odometer"":27379147,""runtime"":""58846322"",""status"":""0000"",""adc1"":23,""adc2"":0,""adc3"":0,""battery"":2646,""power"":978,""distance"":0.0,""totalDistance"":5849132.31,""ip"":""43.245.8.41"",""motion"":false,""ignition"":false}"
113,35328233,182,0.0,0.0,2018-04-01 14:02:19,"{""event"":35,""sat"":10,""hdop"":1.3,""odometer"":33728764,""runtime"":""73166182"",""status"":""0000"",""adc1"":22,""adc2"":0,""adc3"":0,""battery"":2661,""power"":976,""distance"":0.0,""totalDistance"":5631159.31,""ip"":""43.245.8.10"",""motion"":false,""ignition"":false}"
114,35328236,271,0.0,0.0,2018-04-01 14:02:20,"{""status"":68,""ignition"":false,""charge"":true,""blocked"":false,""battery"":6,""rssi"":4,""distance"":0.0,""totalDistance"":2.478865038E7,""ip"":""119.160.65.10"",""motion"":false}"
115,35328239,283,0.0,0.0,2018-04-01 14:02:23,"{""event"":35,""sat"":11,""hdop"":0.7,""odometer"":1335655,""runtime"":""1140261"",""status"":""0000"",""adc1"":6,""adc2"":6,""adc3"":0,""battery"":2587,""power"":970,""eventData"":""00000001"",""fuel"":0.0,""distance"":0.11,""totalDistance"":2078943.11,""ip"":""103.228.156.8"",""motion"":false,""ignition"":false}"
116,35328243,198,0.0,0.0,2018-04-01 14:02:27,"{""event"":35,""sat"":11,""hdop"":0.7,""odometer"":43250034,""runtime"":""76347156"",""status"":""0000"",""adc1"":33,""adc2"":0,""adc3"":0,""battery"":2663,""power"":973,""distance"":0.0,""totalDistance"":9655096.05,""ip"":""103.228.156.86"",""motion"":false,""ignition"":false}"
117,35328246,28,0.0,0.0,2018-04-01 14:02:28,"{""power"":12.55,""distance"":0.0,""totalDistance"":2.988315131E7,""ip"":""43.245.8.27"",""motion"":false,""ignition"":false}"
118,35328247,24,0.0,0.0,2018-04-01 14:02:28,"{""power"":12.66,""distance"":0.0,""totalDistance"":1.914308881E7,""ip"":""43.245.8.84"",""motion"":false,""ignition"":false}"
119,35328249,189,0.0,0.0,2018-04-01 14:02:28,"{""event"":35,""sat"":0,""hdop"":2.0,""odometer"":36418859,""runtime"":""67408815"",""status"":""0000"",""adc1"":16,""adc2"":0,""adc3"":0,""battery"":2665,""power"":983,""distance"":0.0,""totalDistance"":5767612.05,""ip"":""103.228.156.106"",""motion"":false,""ignition"":true}"
120,35328255,35,0.0,0.0,2018-04-01 14:02:30,"{""status"":0,""ignition"":false,""charge"":false,""blocked"":false,""battery"":6,""rssi"":4,""distance"":0.0,""totalDistance"":3.096609154E7,""ip"":""43.245.8.110"",""motion"":false}"
121,35328257,191,0.0,0.0,2018-04-01 14:02:30,"{""event"":35,""sat"":10,""hdop"":0.7,""odometer"":26517415,""runtime"":""39377425"",""status"":""0000"",""adc1"":18,""adc2"":0,""adc3"":0,""battery"":2655,""power"":959,""distance"":0.0,""totalDistance"":1.111186483E7,""ip"":""43.245.8.23"",""motion"":false,""ignition"":false}"
122,35328261,199,0.0,0.0,2018-04-01 14:02:32,"{""event"":35,""sat"":10,""hdop"":0.7,""odometer"":23974778,""runtime"":""67704981"",""status"":""0000"",""adc1"":8,""adc2"":0,""adc3"":0,""battery"":2646,""power"":906,""distance"":0.0,""totalDistance"":1254375.52,""ip"":""103.228.156.52"",""motion"":false,""ignition"":false}"
123,35328262,8,0.0,0.0,2018-04-01 14:02:32,"{""event"":35,""sat"":9,""hdop"":0.9,""odometer"":37678445,""runtime"":""47567448"",""status"":""0200"",""adc1"":15,""adc2"":13,""adc3"":0,""battery"":2635,""power"":956,""eventData"":""00000001"",""fuel"":0.0,""distance"":1.78,""totalDistance"":1.915929251E7,""ip"":""43.245.8.32"",""motion"":false,""ignition"":false}"
124,35328263,20,0.0,0.0,2018-04-01 14:02:33,"{""power"":12.61,""distance"":0.0,""totalDistance"":1.362913552E7,""ip"":""43.245.8.115"",""motion"":false,""ignition"":false}"
125,35328265,11,0.0,0.0,2018-04-01 14:02:34,"{""event"":35,""sat"":10,""hdop"":0.9,""odometer"":123262168,""runtime"":""61999663"",""status"":""0200"",""adc1"":0,""adc2"":752,""adc3"":0,""battery"":2616,""power"":955,""eventData"":""00000001"",""fuel"":24.23,""distance"":1.11,""totalDistance"":3.618456999E7,""ip"":""43.245.8.22"",""motion"":false,""ignition"":false}"
126,35328266,45,0.0,0.0,2018-04-01 14:02:35,"{""power"":12.89,""distance"":0.0,""totalDistance"":2.112244976E7,""ip"":""43.245.8.102"",""motion"":false,""ignition"":false}"
127,35328272,190,0.0,0.0,2018-04-01 14:02:37,"{""event"":35,""sat"":10,""hdop"":0.7,""odometer"":95995663,""runtime"":""74099662"",""status"":""0000"",""adc1"":10,""adc2"":0,""adc3"":0,""battery"":2619,""power"":991,""distance"":0.0,""totalDistance"":1.231472053E7,""ip"":""43.245.8.52"",""motion"":false,""ignition"":false}"
128,35328280,182,0.0,0.0,2018-04-01 14:02:39,"{""event"":35,""sat"":9,""hdop"":1.3,""odometer"":33728764,""runtime"":""73166202"",""status"":""0000"",""adc1"":22,""adc2"":0,""adc3"":0,""battery"":2660,""power"":976,""distance"":0.0,""totalDistance"":5631159.31,""ip"":""43.245.8.10"",""motion"":false,""ignition"":false}"
129,35328290,283,0.0,0.0,2018-04-01 14:02:43,"{""event"":35,""sat"":11,""hdop"":0.7,""odometer"":1335655,""runtime"":""1140281"",""status"":""0000"",""adc1"":6,""adc2"":6,""adc3"":0,""battery"":2586,""power"":971,""eventData"":""00000001"",""fuel"":0.0,""distance"":0.31,""totalDistance"":2078943.42,""ip"":""103.228.156.8"",""motion"":false,""ignition"":false}"
130,35328293,49,0.0,0.0,2018-04-01 14:02:46,"{""power"":12.77,""distance"":0.0,""totalDistance"":9881271.26,""ip"":""119.160.65.165"",""motion"":false,""ignition"":false}"
131,35328295,200,0.0,0.0,2018-04-01 14:02:46,"{""event"":35,""sat"":0,""hdop"":0.0,""odometer"":44007438,""runtime"":""74057358"",""status"":""0000"",""adc1"":8,""adc2"":0,""adc3"":0,""battery"":2629,""power"":939,""distance"":131.13,""totalDistance"":6103836.58,""ip"":""43.245.8.60"",""motion"":false,""ignition"":true}"
132,35328298,198,0.0,0.0,2018-04-01 14:02:47,"{""event"":35,""sat"":11,""hdop"":0.7,""odometer"":43250034,""runtime"":""76347176"",""status"":""0000"",""adc1"":33,""adc2"":0,""adc3"":0,""battery"":2662,""power"":972,""distance"":0.0,""totalDistance"":9655096.05,""ip"":""103.228.156.86"",""motion"":false,""ignition"":false}"
133,35328301,74,0.0,0.0,2018-04-01 14:02:48,"{""power"":12.66,""distance"":0.0,""totalDistance"":4.541135277E7,""ip"":""119.160.65.121"",""motion"":false,""ignition"":false}"
134,35328309,191,0.0,0.0,2018-04-01 14:02:49,"{""event"":35,""sat"":10,""hdop"":0.8,""odometer"":26517415,""runtime"":""39377445"",""status"":""0000"",""adc1"":18,""adc2"":0,""adc3"":0,""battery"":2654,""power"":959,""distance"":0.0,""totalDistance"":1.111186483E7,""ip"":""43.245.8.23"",""motion"":false,""ignition"":false}"
135,35328311,199,0.0,0.0,2018-04-01 14:02:52,"{""event"":35,""sat"":11,""hdop"":0.7,""odometer"":23974778,""runtime"":""67705001"",""status"":""0000"",""adc1"":8,""adc2"":0,""adc3"":0,""battery"":2646,""power"":906,""distance"":0.0,""totalDistance"":1254375.52,""ip"":""103.228.156.52"",""motion"":false,""ignition"":false}"
136,35328313,8,0.0,0.0,2018-04-01 14:02:52,"{""event"":35,""sat"":9,""hdop"":0.9,""odometer"":37678445,""runtime"":""47567468"",""status"":""0200"",""adc1"":13,""adc2"":13,""adc3"":0,""battery"":2637,""power"":957,""eventData"":""00000001"",""fuel"":0.0,""distance"":1.89,""totalDistance"":1.91592944E7,""ip"":""43.245.8.32"",""motion"":false,""ignition"":false}"
137,35328314,185,0.0,0.0,2018-04-01 14:02:53,"{""event"":35,""sat"":9,""hdop"":1.1,""odometer"":17421879,""runtime"":""57176301"",""status"":""0000"",""adc1"":49,""adc2"":0,""adc3"":0,""battery"":2661,""power"":950,""distance"":0.0,""totalDistance"":4570059.58,""ip"":""103.228.156.83"",""motion"":false,""ignition"":false}"
138,35328315,11,0.0,0.0,2018-04-01 14:02:54,"{""event"":35,""sat"":10,""hdop"":0.8,""odometer"":123262168,""runtime"":""61999683"",""status"":""0200"",""adc1"":0,""adc2"":752,""adc3"":0,""battery"":2614,""power"":955,""eventData"":""00000001"",""fuel"":24.23,""distance"":1.52,""totalDistance"":3.618457151E7,""ip"":""43.245.8.22"",""motion"":false,""ignition"":false}"
139,35328316,33,0.0,0.0,2018-04-01 14:02:56,"{""power"":12.33,""distance"":0.0,""totalDistance"":2.755206891E7,""ip"":""103.228.156.108"",""motion"":false,""ignition"":false}"
140,35328325,194,0.0,0.0,2018-04-01 14:02:59,"{""event"":35,""sat"":7,""hdop"":0.9,""odometer"":66979163,""runtime"":""73879268"",""status"":""0000"",""adc1"":19,""adc2"":0,""adc3"":0,""battery"":2656,""power"":994,""distance"":0.0,""totalDistance"":1.48952669E7,""ip"":""43.245.8.25"",""motion"":false,""ignition"":false}"
141,35328328,182,0.0,0.0,2018-04-01 14:03:00,"{""event"":35,""sat"":10,""hdop"":1.3,""odometer"":33728764,""runtime"":""73166222"",""status"":""0000"",""adc1"":22,""adc2"":0,""adc3"":0,""battery"":2662,""power"":976,""distance"":0.0,""totalDistance"":5631159.31,""ip"":""43.245.8.10"",""motion"":false,""ignition"":false}"
142,35328329,37,0.0,0.0,2018-04-01 14:03:00,"{""power"":12.66,""distance"":0.0,""totalDistance"":2.701188953E7,""ip"":""43.245.8.112"",""motion"":false,""ignition"":false}"
143,35328331,72,0.0,0.0,2018-04-01 14:03:01,"{""power"":12.72,""distance"":0.0,""totalDistance"":1.601577531E7,""ip"":""43.245.8.103"",""motion"":false,""ignition"":false}"
144,35328333,205,0.0,0.0,2018-04-01 14:03:02,"{""event"":35,""sat"":11,""hdop"":0.7,""odometer"":253972,""runtime"":""2033665"",""status"":""0000"",""adc1"":6,""adc2"":6,""adc3"":0,""battery"":2604,""power"":957,""eventData"":""00000001"",""fuel"":0.0,""distance"":2.16,""totalDistance"":575659.35,""ip"":""119.160.96.181"",""motion"":false,""ignition"":false}"
145,35328334,283,0.0,0.0,2018-04-01 14:03:03,"{""event"":35,""sat"":10,""hdop"":1.2,""odometer"":1335655,""runtime"":""1140301"",""status"":""0000"",""adc1"":6,""adc2"":6,""adc3"":0,""battery"":2585,""power"":970,""eventData"":""00000001"",""fuel"":0.0,""distance"":0.1,""totalDistance"":2078943.52,""ip"":""103.228.156.8"",""motion"":false,""ignition"":false}"
146,35328335,52,0.0,0.0,2018-04-01 14:03:04,"{""power"":12.66,""distance"":0.0,""totalDistance"":2.459935221E7,""ip"":""43.245.8.101"",""motion"":false,""ignition"":false}"
147,35328340,73,0.0,0.0,2018-04-01 14:03:06,"{""status"":5,""ignition"":false,""charge"":true,""blocked"":false,""battery"":6,""rssi"":4,""distance"":0.0,""totalDistance"":1.851736511E7,""ip"":""119.160.65.70"",""motion"":false}"
148,35328343,198,0.0,0.0,2018-04-01 14:03:07,"{""event"":35,""sat"":11,""hdop"":0.7,""odometer"":43250034,""runtime"":""76347196"",""status"":""0000"",""adc1"":33,""adc2"":0,""adc3"":0,""battery"":2662,""power"":972,""distance"":0.0,""totalDistance"":9655096.05,""ip"":""103.228.156.86"",""motion"":false,""ignition"":false}"
149,35328346,193,0.0,0.0,2018-04-01 14:03:08,"{""event"":35,""sat"":9,""hdop"":1.1,""odometer"":58087961,""runtime"":""69393389"",""status"":""0000"",""adc1"":13,""adc2"":0,""adc3"":0,""battery"":2641,""power"":965,""distance"":0.0,""totalDistance"":1.928164892E7,""ip"":""43.245.8.15"",""motion"":false,""ignition"":false}"
150,35328347,12,0.0,0.0,2018-04-01 14:03:08,"{""event"":35,""sat"":8,""hdop"":1.3,""odometer"":30646914,""runtime"":""21921771"",""status"":""0400"",""adc1"":5,""adc2"":8,""adc3"":0,""battery"":2583,""power"":1062,""eventData"":""00000001"",""fuel"":0.0,""distance"":19.29,""totalDistance"":3.062482048E7,""ip"":""119.160.65.3"",""motion"":false,""ignition"":true}"
151,35328349,191,0.0,0.0,2018-04-01 14:03:09,"{""event"":35,""sat"":10,""hdop"":0.8,""odometer"":26517415,""runtime"":""39377465"",""status"":""0000"",""adc1"":18,""adc2"":0,""adc3"":0,""battery"":2654,""power"":959,""distance"":0.0,""totalDistance"":1.111186483E7,""ip"":""43.245.8.23"",""motion"":false,""ignition"":false}"
152,35328351,53,0.0,0.0,2018-04-01 14:03:10,"{""event"":35,""sat"":11,""hdop"":0.7,""odometer"":9374512,""runtime"":""16405122"",""status"":""0000"",""adc1"":26,""adc2"":21,""adc3"":0,""battery"":2607,""power"":982,""eventData"":""00000001"",""fuel"":0.0,""distance"":2.28,""totalDistance"":9885469.42,""ip"":""119.160.65.150"",""motion"":false,""ignition"":false}"
153,35328352,73,0.0,0.0,2018-04-01 14:03:10,"{""power"":24.54,""distance"":0.0,""totalDistance"":1.851736511E7,""ip"":""119.160.65.70"",""motion"":false,""ignition"":false}"
154,35328356,199,0.0,0.0,2018-04-01 14:03:12,"{""event"":35,""sat"":10,""hdop"":0.7,""odometer"":23974778,""runtime"":""67705021"",""status"":""0000"",""adc1"":8,""adc2"":0,""adc3"":0,""battery"":2647,""power"":906,""distance"":0.0,""totalDistance"":1254375.52,""ip"":""103.228.156.52"",""motion"":false,""ignition"":false}"
155,35328357,8,0.0,0.0,2018-04-01 14:03:13,"{""event"":35,""sat"":9,""hdop"":0.9,""odometer"":37678445,""runtime"":""47567488"",""status"":""0200"",""adc1"":13,""adc2"":13,""adc3"":0,""battery"":2633,""power"":956,""eventData"":""00000001"",""fuel"":0.0,""distance"":0.0,""totalDistance"":1.91592944E7,""ip"":""43.245.8.32"",""motion"":false,""ignition"":false}"
156,35328358,35,0.0,0.0,2018-04-01 14:03:13,"{""power"":12.23,""distance"":0.0,""totalDistance"":3.096609154E7,""ip"":""43.245.8.110"",""motion"":false,""ignition"":false}"
157,35328359,11,0.0,0.0,2018-04-01 14:03:14,"{""event"":35,""sat"":8,""hdop"":0.9,""odometer"":123262168,""runtime"":""61999703"",""status"":""0200"",""adc1"":0,""adc2"":752,""adc3"":0,""battery"":2614,""power"":955,""eventData"":""00000001"",""fuel"":24.23,""distance"":1.63,""totalDistance"":3.618457314E7,""ip"":""43.245.8.22"",""motion"":false,""ignition"":false}"
158,35328360,62,0.0,0.0,2018-04-01 14:03:15,"{""power"":13.22,""distance"":0.0,""totalDistance"":3.332407741E7,""ip"":""43.245.8.53"",""motion"":false,""ignition"":true}"
159,35328368,12,0.0,0.0,2018-04-01 14:03:18,"{""event"":11,""sat"":9,""hdop"":0.9,""odometer"":30646914,""runtime"":""21921781"",""status"":""0000"",""adc1"":6,""adc2"":8,""adc3"":0,""battery"":2581,""power"":1056,""fuel"":0.0,""distance"":2.16,""totalDistance"":3.062482264E7,""ip"":""119.160.65.3"",""motion"":false,""ignition"":false}"
160,35328371,188,0.0,0.0,2018-04-01 14:03:19,"{""event"":35,""sat"":10,""hdop"":0.8,""odometer"":27379147,""runtime"":""58846382"",""status"":""0000"",""adc1"":23,""adc2"":0,""adc3"":0,""battery"":2646,""power"":978,""distance"":0.0,""totalDistance"":5849132.31,""ip"":""43.245.8.41"",""motion"":false,""ignition"":false}"
161,35328373,182,0.0,0.0,2018-04-01 14:03:20,"{""event"":35,""sat"":10,""hdop"":1.3,""odometer"":33728764,""runtime"":""73166242"",""status"":""0000"",""adc1"":22,""adc2"":0,""adc3"":0,""battery"":2661,""power"":976,""distance"":0.0,""totalDistance"":5631159.31,""ip"":""43.245.8.10"",""motion"":false,""ignition"":false}"
162,35328375,20,0.0,0.0,2018-04-01 14:03:22,"{""status"":133,""ignition"":false,""charge"":true,""blocked"":true,""battery"":6,""rssi"":4,""distance"":0.0,""totalDistance"":1.362913552E7,""ip"":""43.245.8.115"",""motion"":false}"
163,35328378,283,0.0,0.0,2018-04-01 14:03:23,"{""event"":35,""sat"":10,""hdop"":1.2,""odometer"":1335655,""runtime"":""1140321"",""status"":""0000"",""adc1"":6,""adc2"":6,""adc3"":0,""battery"":2586,""power"":970,""eventData"":""00000001"",""fuel"":0.0,""distance"":0.59,""totalDistance"":2078944.11,""ip"":""103.228.156.8"",""motion"":false,""ignition"":false}"
164,35328384,198,0.0,0.0,2018-04-01 14:03:27,"{""event"":35,""sat"":11,""hdop"":0.7,""odometer"":43250034,""runtime"":""76347216"",""status"":""0000"",""adc1"":33,""adc2"":0,""adc3"":0,""battery"":2662,""power"":973,""distance"":0.0,""totalDistance"":9655096.05,""ip"":""103.228.156.86"",""motion"":false,""ignition"":false}"
165,35328385,28,0.0,0.0,2018-04-01 14:03:28,"{""power"":12.61,""distance"":0.0,""totalDistance"":2.988315131E7,""ip"":""43.245.8.27"",""motion"":false,""ignition"":false}"
166,35328386,24,0.0,0.0,2018-04-01 14:03:28,"{""power"":12.63,""distance"":0.0,""totalDistance"":1.914308881E7,""ip"":""43.245.8.84"",""motion"":false,""ignition"":false}"
167,35328387,12,0.0,0.0,2018-04-01 14:03:28,"{""event"":35,""sat"":9,""hdop"":0.9,""odometer"":30646915,""runtime"":""21921791"",""status"":""0000"",""adc1"":5,""adc2"":8,""adc3"":0,""battery"":2583,""power"":1028,""eventData"":""00000001"",""fuel"":0.0,""distance"":2.4,""totalDistance"":3.062482504E7,""ip"":""119.160.65.3"",""motion"":false,""ignition"":false}"
168,35328388,189,0.0,0.0,2018-04-01 14:03:28,"{""event"":35,""sat"":0,""hdop"":2.0,""odometer"":36418859,""runtime"":""67408875"",""status"":""0000"",""adc1"":18,""adc2"":0,""adc3"":0,""battery"":2663,""power"":982,""distance"":0.0,""totalDistance"":5767612.05,""ip"":""103.228.156.106"",""motion"":false,""ignition"":true}"
169,35328391,191,0.0,0.0,2018-04-01 14:03:30,"{""event"":35,""sat"":11,""hdop"":0.7,""odometer"":26517415,""runtime"":""39377485"",""status"":""0000"",""adc1"":18,""adc2"":0,""adc3"":0,""battery"":2654,""power"":959,""distance"":0.0,""totalDistance"":1.111186483E7,""ip"":""43.245.8.23"",""motion"":false,""ignition"":false}"
170,35328396,8,0.0,0.0,2018-04-01 14:03:32,"{""event"":35,""sat"":9,""hdop"":0.9,""odometer"":37678445,""runtime"":""47567508"",""status"":""0200"",""adc1"":13,""adc2"":13,""adc3"":0,""battery"":2636,""power"":956,""eventData"":""00000001"",""fuel"":0.0,""distance"":0.09,""totalDistance"":1.915929449E7,""ip"":""43.245.8.32"",""motion"":false,""ignition"":false}"
171,35328397,199,0.0,0.0,2018-04-01 14:03:32,"{""event"":35,""sat"":10,""hdop"":0.7,""odometer"":23974778,""runtime"":""67705041"",""status"":""0000"",""adc1"":8,""adc2"":0,""adc3"":0,""battery"":2647,""power"":905,""distance"":0.0,""totalDistance"":1254375.52,""ip"":""103.228.156.52"",""motion"":false,""ignition"":false}"
172,35328398,20,0.0,0.0,2018-04-01 14:03:33,"{""power"":12.63,""distance"":0.0,""totalDistance"":1.362913552E7,""ip"":""43.245.8.115"",""motion"":false,""ignition"":false}"
173,35328400,11,0.0,0.0,2018-04-01 14:03:34,"{""event"":35,""sat"":10,""hdop"":1.3,""odometer"":123262168,""runtime"":""61999723"",""status"":""0200"",""adc1"":0,""adc2"":752,""adc3"":0,""battery"":2614,""power"":955,""eventData"":""00000001"",""fuel"":24.24,""distance"":1.9,""totalDistance"":3.618457504E7,""ip"":""43.245.8.22"",""motion"":false,""ignition"":false}"
174,35328401,45,0.0,0.0,2018-04-01 14:03:35,"{""power"":12.89,""distance"":0.0,""totalDistance"":2.112244976E7,""ip"":""43.245.8.102"",""motion"":false,""ignition"":false}"
175,35328404,190,0.0,0.0,2018-04-01 14:03:37,"{""event"":35,""sat"":11,""hdop"":0.7,""odometer"":95995663,""runtime"":""74099722"",""status"":""0000"",""adc1"":10,""adc2"":0,""adc3"":0,""battery"":2619,""power"":991,""distance"":0.0,""totalDistance"":1.231472053E7,""ip"":""43.245.8.52"",""motion"":false,""ignition"":false}"
176,35328413,182,0.0,0.0,2018-04-01 14:03:40,"{""event"":35,""sat"":10,""hdop"":1.1,""odometer"":33728764,""runtime"":""73166262"",""status"":""0000"",""adc1"":22,""adc2"":0,""adc3"":0,""battery"":2661,""power"":977,""distance"":0.0,""totalDistance"":5631159.31,""ip"":""43.245.8.10"",""motion"":false,""ignition"":false}"
177,35328415,228,0.0,0.0,2018-04-01 14:03:42,"{""sat"":12,""status"":76,""ignition"":false,""charge"":true,""blocked"":false,""alarm"":""vibration"",""battery"":6,""rssi"":4,""distance"":0.0,""totalDistance"":4.16210479E7,""ip"":""119.160.96.23"",""motion"":false}"
178,35328418,283,0.0,0.0,2018-04-01 14:03:43,"{""event"":35,""sat"":10,""hdop"":1.0,""odometer"":1335655,""runtime"":""1140341"",""status"":""0000"",""adc1"":6,""adc2"":6,""adc3"":0,""battery"":2584,""power"":970,""eventData"":""00000001"",""fuel"":0.0,""distance"":1.7,""totalDistance"":2078945.81,""ip"":""103.228.156.8"",""motion"":false,""ignition"":false}"
179,35328419,49,0.0,0.0,2018-04-01 14:03:43,"{""status"":5,""ignition"":false,""charge"":true,""blocked"":false,""battery"":6,""rssi"":4,""distance"":0.0,""totalDistance"":9881271.26,""ip"":""119.160.65.165"",""motion"":false}"
180,35328424,49,0.0,0.0,2018-04-01 14:03:46,"{""power"":12.77,""distance"":0.0,""totalDistance"":9881271.26,""ip"":""119.160.65.165"",""motion"":false,""ignition"":false}"
181,35328433,198,0.0,0.0,2018-04-01 14:03:47,"{""event"":35,""sat"":11,""hdop"":0.8,""odometer"":43250034,""runtime"":""76347236"",""status"":""0000"",""adc1"":33,""adc2"":0,""adc3"":0,""battery"":2663,""power"":973,""distance"":0.0,""totalDistance"":9655096.05,""ip"":""103.228.156.86"",""motion"":false,""ignition"":false}"
182,35328435,74,0.0,0.0,2018-04-01 14:03:48,"{""power"":12.66,""distance"":0.0,""totalDistance"":4.541135277E7,""ip"":""119.160.65.121"",""motion"":false,""ignition"":false}"
183,35328436,12,0.0,0.0,2018-04-01 14:03:48,"{""event"":35,""sat"":7,""hdop"":1.5,""odometer"":30646915,""runtime"":""21921811"",""status"":""0000"",""adc1"":6,""adc2"":8,""adc3"":0,""battery"":2582,""power"":1024,""eventData"":""00000001"",""fuel"":0.0,""distance"":1.88,""totalDistance"":3.062482692E7,""ip"":""119.160.65.3"",""motion"":false,""ignition"":false}"
184,35328440,191,0.0,0.0,2018-04-01 14:03:50,"{""event"":35,""sat"":11,""hdop"":0.7,""odometer"":26517415,""runtime"":""39377505"",""status"":""0000"",""adc1"":18,""adc2"":0,""adc3"":0,""battery"":2655,""power"":959,""distance"":0.0,""totalDistance"":1.111186483E7,""ip"":""43.245.8.23"",""motion"":false,""ignition"":false}"
185,35328442,8,0.0,0.0,2018-04-01 14:03:52,"{""event"":35,""sat"":9,""hdop"":0.9,""odometer"":37678445,""runtime"":""47567528"",""status"":""0200"",""adc1"":15,""adc2"":13,""adc3"":0,""battery"":2637,""power"":956,""eventData"":""00000001"",""fuel"":0.0,""distance"":0.51,""totalDistance"":1.9159295E7,""ip"":""43.245.8.32"",""motion"":false,""ignition"":false}"
186,35328443,185,0.0,0.0,2018-04-01 14:03:52,"{""event"":35,""sat"":10,""hdop"":1.1,""odometer"":17421879,""runtime"":""57176361"",""status"":""0000"",""adc1"":49,""adc2"":0,""adc3"":0,""battery"":2661,""power"":950,""distance"":0.0,""totalDistance"":4570059.58,""ip"":""103.228.156.83"",""motion"":false,""ignition"":false}"
187,35328444,199,0.0,0.0,2018-04-01 14:03:53,"{""event"":35,""sat"":11,""hdop"":0.7,""odometer"":23974778,""runtime"":""67705061"",""status"":""0000"",""adc1"":8,""adc2"":0,""adc3"":0,""battery"":2646,""power"":905,""distance"":0.0,""totalDistance"":1254375.52,""ip"":""103.228.156.52"",""motion"":false,""ignition"":false}"
188,35328449,11,0.0,0.0,2018-04-01 14:03:55,"{""event"":35,""sat"":10,""hdop"":0.8,""odometer"":123262168,""runtime"":""61999743"",""status"":""0200"",""adc1"":0,""adc2"":752,""adc3"":0,""battery"":2615,""power"":955,""eventData"":""00000001"",""fuel"":24.23,""distance"":0.62,""totalDistance"":3.618457566E7,""ip"":""43.245.8.22"",""motion"":false,""ignition"":false}"
189,35328450,33,0.0,0.0,2018-04-01 14:03:56,"{""power"":12.33,""distance"":0.0,""totalDistance"":2.755206891E7,""ip"":""103.228.156.108"",""motion"":false,""ignition"":false}"
190,35328458,194,0.0,0.0,2018-04-01 14:03:59,"{""event"":35,""sat"":10,""hdop"":0.8,""odometer"":66979163,""runtime"":""73879328"",""status"":""0000"",""adc1"":19,""adc2"":0,""adc3"":0,""battery"":2658,""power"":995,""distance"":0.0,""totalDistance"":1.48952669E7,""ip"":""43.245.8.25"",""motion"":false,""ignition"":false}"
191,35328460,182,0.0,0.0,2018-04-01 14:04:00,"{""event"":35,""sat"":10,""hdop"":1.3,""odometer"":33728764,""runtime"":""73166282"",""status"":""0000"",""adc1"":21,""adc2"":0,""adc3"":0,""battery"":2660,""power"":976,""distance"":0.0,""totalDistance"":5631159.31,""ip"":""43.245.8.10"",""motion"":false,""ignition"":false}"
192,35328461,37,0.0,0.0,2018-04-01 14:04:01,"{""power"":12.66,""distance"":0.0,""totalDistance"":2.701188953E7,""ip"":""43.245.8.112"",""motion"":false,""ignition"":false}"
193,35328462,72,0.0,0.0,2018-04-01 14:04:01,"{""power"":12.72,""distance"":0.0,""totalDistance"":1.601577531E7,""ip"":""43.245.8.103"",""motion"":false,""ignition"":false}"
194,35328463,12,0.0,0.0,2018-04-01 14:04:01,"{""event"":3,""sat"":10,""hdop"":0.9,""odometer"":30646915,""runtime"":""21921824"",""status"":""0400"",""adc1"":7,""adc2"":7,""adc3"":0,""battery"":2580,""power"":1017,""fuel"":0.0,""distance"":1.87,""totalDistance"":3.062482879E7,""ip"":""119.160.65.3"",""motion"":false,""ignition"":true}"
195,35328465,205,0.0,0.0,2018-04-01 14:04:02,"{""event"":35,""sat"":11,""hdop"":0.7,""odometer"":253972,""runtime"":""2033725"",""status"":""0000"",""adc1"":6,""adc2"":6,""adc3"":0,""battery"":2605,""power"":957,""eventData"":""00000001"",""fuel"":0.0,""distance"":3.12,""totalDistance"":575662.47,""ip"":""119.160.96.181"",""motion"":false,""ignition"":false}"
196,35328468,72,0.0,0.0,2018-04-01 14:04:03,"{""status"":5,""ignition"":false,""charge"":true,""blocked"":false,""battery"":6,""rssi"":4,""distance"":0.0,""totalDistance"":1.601577531E7,""ip"":""43.245.8.103"",""motion"":false}"
197,35328469,283,0.0,0.0,2018-04-01 14:04:04,"{""event"":35,""sat"":10,""hdop"":1.0,""odometer"":1335655,""runtime"":""1140361"",""status"":""0000"",""adc1"":8,""adc2"":6,""adc3"":0,""battery"":2581,""power"":970,""eventData"":""00000001"",""fuel"":0.0,""distance"":2.43,""totalDistance"":2078948.24,""ip"":""103.228.156.8"",""motion"":false,""ignition"":false}"
198,35328471,52,0.0,0.0,2018-04-01 14:04:04,"{""power"":12.63,""distance"":0.0,""totalDistance"":2.459935221E7,""ip"":""43.245.8.101"",""motion"":false,""ignition"":false}"
199,35328478,198,0.0,0.0,2018-04-01 14:04:07,"{""event"":35,""sat"":10,""hdop"":0.8,""odometer"":43250034,""runtime"":""76347256"",""status"":""0000"",""adc1"":33,""adc2"":0,""adc3"":0,""battery"":2663,""power"":973,""distance"":0.0,""totalDistance"":9655096.05,""ip"":""103.228.156.86"",""motion"":false,""ignition"":false}"
200,35328479,12,0.0,0.0,2018-04-01 14:04:08,"{""event"":35,""sat"":10,""hdop"":0.8,""odometer"":30646915,""runtime"":""21921831"",""status"":""0400"",""adc1"":7,""adc2"":8,""adc3"":0,""battery"":2582,""power"":979,""eventData"":""00000001"",""fuel"":0.0,""distance"":0.22,""totalDistance"":3.062482901E7,""ip"":""119.160.65.3"",""motion"":false,""ignition"":true}"
201,35328483,197,0.0,0.0,2018-04-01 14:04:09,"{""event"":35,""sat"":10,""hdop"":0.8,""odometer"":26278229,""runtime"":""73902003"",""status"":""0000"",""adc1"":13,""adc2"":0,""adc3"":0,""battery"":2653,""power"":1060,""distance"":14.48,""totalDistance"":6603021.26,""ip"":""43.245.8.103"",""motion"":false}"
202,35328484,191,0.0,0.0,2018-04-01 14:04:10,"{""event"":35,""sat"":10,""hdop"":1.1,""odometer"":26517415,""runtime"":""39377525"",""status"":""0000"",""adc1"":18,""adc2"":0,""adc3"":0,""battery"":2655,""power"":959,""distance"":0.0,""totalDistance"":1.111186483E7,""ip"":""43.245.8.23"",""motion"":false,""ignition"":false}"
203,35328487,62,0.0,0.0,2018-04-01 14:04:10,"{""status"":70,""ignition"":true,""charge"":true,""blocked"":false,""battery"":5,""rssi"":3,""distance"":0.0,""totalDistance"":3.332407741E7,""ip"":""43.245.8.53"",""motion"":false}"
204,35328489,12,0.0,0.0,2018-04-01 14:04:11,"{""event"":11,""sat"":10,""hdop"":0.8,""odometer"":30646915,""runtime"":""21921834"",""status"":""0000"",""adc1"":5,""adc2"":7,""adc3"":0,""battery"":2556,""power"":987,""fuel"":0.0,""distance"":0.19,""totalDistance"":3.06248292E7,""ip"":""119.160.65.3"",""motion"":false,""ignition"":false}"
205,35328493,8,0.0,0.0,2018-04-01 14:04:12,"{""event"":35,""sat"":9,""hdop"":0.9,""odometer"":37678445,""runtime"":""47567547"",""status"":""0200"",""adc1"":13,""adc2"":13,""adc3"":0,""battery"":2635,""power"":957,""eventData"":""00000001"",""fuel"":0.0,""distance"":0.72,""totalDistance"":1.915929572E7,""ip"":""43.245.8.32"",""motion"":false,""ignition"":false}"
206,35328494,199,0.0,0.0,2018-04-01 14:04:13,"{""event"":35,""sat"":10,""hdop"":0.7,""odometer"":23974778,""runtime"":""67705081"",""status"":""0000"",""adc1"":8,""adc2"":0,""adc3"":0,""battery"":2646,""power"":905,""distance"":0.0,""totalDistance"":1254375.52,""ip"":""103.228.156.52"",""motion"":false,""ignition"":false}"
207,35328497,11,0.0,0.0,2018-04-01 14:04:14,"{""event"":35,""sat"":10,""hdop"":0.9,""odometer"":123262168,""runtime"":""61999763"",""status"":""0200"",""adc1"":0,""adc2"":752,""adc3"":0,""battery"":2612,""power"":955,""eventData"":""00000001"",""fuel"":24.23,""distance"":1.1,""totalDistance"":3.618457676E7,""ip"":""43.245.8.22"",""motion"":false,""ignition"":false}"
208,35328505,12,0.0,0.0,2018-04-01 14:04:18,"{""event"":35,""sat"":10,""hdop"":0.8,""odometer"":30646915,""runtime"":""21921840"",""status"":""0000"",""adc1"":4,""adc2"":7,""adc3"":0,""battery"":2587,""power"":994,""eventData"":""00000001"",""fuel"":0.0,""distance"":0.48,""totalDistance"":3.062482968E7,""ip"":""119.160.65.3"",""motion"":false,""ignition"":false}"
209,35328511,182,0.0,0.0,2018-04-01 14:04:20,"{""event"":35,""sat"":10,""hdop"":1.3,""odometer"":33728764,""runtime"":""73166302"",""status"":""0000"",""adc1"":22,""adc2"":0,""adc3"":0,""battery"":2661,""power"":976,""distance"":0.0,""totalDistance"":5631159.31,""ip"":""43.245.8.10"",""motion"":false,""ignition"":false}"
210,35328514,283,0.0,0.0,2018-04-01 14:04:23,"{""event"":35,""sat"":9,""hdop"":1.1,""odometer"":1335655,""runtime"":""1140381"",""status"":""0000"",""adc1"":7,""adc2"":6,""adc3"":0,""battery"":2587,""power"":970,""eventData"":""00000001"",""fuel"":0.0,""distance"":2.94,""totalDistance"":2078951.18,""ip"":""103.228.156.8"",""motion"":false,""ignition"":false}"
211,35328517,33,0.0,0.0,2018-04-01 14:04:25,"{""status"":1,""ignition"":false,""charge"":false,""blocked"":false,""battery"":6,""rssi"":4,""distance"":0.0,""totalDistance"":2.755206891E7,""ip"":""103.228.156.108"",""motion"":false}"
212,35328522,198,0.0,0.0,2018-04-01 14:04:28,"{""event"":35,""sat"":10,""hdop"":0.8,""odometer"":43250034,""runtime"":""76347276"",""status"":""0000"",""adc1"":33,""adc2"":0,""adc3"":0,""battery"":2662,""power"":973,""distance"":0.0,""totalDistance"":9655096.05,""ip"":""103.228.156.86"",""motion"":false,""ignition"":false}"
213,35328530,191,0.0,0.0,2018-04-01 14:04:30,"{""event"":35,""sat"":11,""hdop"":1.1,""odometer"":26517415,""runtime"":""39377545"",""status"":""0000"",""adc1"":18,""adc2"":0,""adc3"":0,""battery"":2655,""power"":959,""distance"":0.0,""totalDistance"":1.111186483E7,""ip"":""43.245.8.23"",""motion"":false,""ignition"":false}"
214,35328531,8,0.0,0.0,2018-04-01 14:04:32,"{""event"":35,""sat"":9,""hdop"":0.9,""odometer"":37678445,""runtime"":""47567567"",""status"":""0200"",""adc1"":15,""adc2"":13,""adc3"":0,""battery"":2631,""power"":956,""eventData"":""00000001"",""fuel"":0.0,""distance"":0.64,""totalDistance"":1.915929636E7,""ip"":""43.245.8.32"",""motion"":false,""ignition"":false}"
215,35328533,199,0.0,0.0,2018-04-01 14:04:33,"{""event"":35,""sat"":10,""hdop"":0.7,""odometer"":23974778,""runtime"":""67705101"",""status"":""0000"",""adc1"":8,""adc2"":0,""adc3"":0,""battery"":2646,""power"":906,""distance"":0.0,""totalDistance"":1254375.52,""ip"":""103.228.156.52"",""motion"":false,""ignition"":false}"
216,35328536,11,0.0,0.0,2018-04-01 14:04:34,"{""event"":35,""sat"":10,""hdop"":0.8,""odometer"":123262168,""runtime"":""61999783"",""status"":""0200"",""adc1"":0,""adc2"":752,""adc3"":0,""battery"":2615,""power"":955,""eventData"":""00000001"",""fuel"":24.22,""distance"":1.8,""totalDistance"":3.618457856E7,""ip"":""43.245.8.22"",""motion"":false,""ignition"":false}"
217,35328537,190,0.0,0.0,2018-04-01 14:04:34,"{""event"":4,""sat"":11,""hdop"":0.7,""odometer"":95995663,""runtime"":""74099772"",""status"":""0800"",""adc1"":10,""adc2"":0,""adc3"":0,""battery"":2619,""power"":986,""distance"":0.0,""totalDistance"":1.231472053E7,""ip"":""43.245.8.52"",""motion"":false,""ignition"":true}"
218,35328545,12,0.0,0.0,2018-04-01 14:04:38,"{""event"":35,""sat"":10,""hdop"":0.8,""odometer"":30646915,""runtime"":""21921860"",""status"":""0000"",""adc1"":5,""adc2"":8,""adc3"":0,""battery"":2579,""power"":995,""eventData"":""00000001"",""fuel"":0.0,""distance"":0.86,""totalDistance"":3.062483054E7,""ip"":""119.160.65.3"",""motion"":false,""ignition"":false}"
219,35328552,37,0.0,0.0,2018-04-01 14:04:40,"{""status"":5,""ignition"":false,""charge"":true,""blocked"":false,""battery"":6,""rssi"":4,""distance"":0.0,""totalDistance"":2.701188953E7,""ip"":""43.245.8.112"",""motion"":false}"
220,35328554,182,0.0,0.0,2018-04-01 14:04:41,"{""event"":35,""sat"":10,""hdop"":1.3,""odometer"":33728764,""runtime"":""73166322"",""status"":""0000"",""adc1"":21,""adc2"":0,""adc3"":0,""battery"":2659,""power"":976,""distance"":0.0,""totalDistance"":5631159.31,""ip"":""43.245.8.10"",""motion"":false,""ignition"":false}"
221,35328556,283,0.0,0.0,2018-04-01 14:04:43,"{""event"":35,""sat"":9,""hdop"":1.1,""odometer"":1335655,""runtime"":""1140401"",""status"":""0000"",""adc1"":7,""adc2"":6,""adc3"":0,""battery"":2579,""power"":970,""eventData"":""00000001"",""fuel"":0.0,""distance"":0.88,""totalDistance"":2078952.06,""ip"":""103.228.156.8"",""motion"":false,""ignition"":false}"
